ï»¿"Symbol  ","Series  ","Date  ","Prev Close  ","Open Price  ","High Price  ","Low Price  ","Last Price  ","Close Price  ","Average Price ","Total Traded Quantity  ","Turnover â¹  ","No. of Trades  "
"MRF","EQ","09-Feb-2023","92,275.65","92,275.00","93,100.00","87,351.00","89,000.00","88,813.05","89,609.01","36,042","3,22,96,88,000.00","21,050"
"MRF","EQ","10-Feb-2023","88,813.05","89,000.00","89,976.90","88,125.65","88,810.00","89,070.90","89,293.24","10,500","93,75,78,977.50","6,746"
"MRF","EQ","13-Feb-2023","89,070.90","89,408.00","89,408.00","88,200.00","88,690.00","88,803.90","88,764.78","7,364","65,36,63,861.55","4,953"
"MRF","EQ","14-Feb-2023","88,803.90","89,260.00","89,260.00","87,500.00","88,100.00","88,050.00","88,140.61","6,328","55,77,53,783.75","4,115"
"MRF","EQ","15-Feb-2023","88,050.00","88,390.00","89,074.20","88,050.00","88,849.80","88,855.45","88,528.04","6,123","54,20,57,186.20","3,885"
"MRF","EQ","16-Feb-2023","88,855.45","88,800.00","89,971.70","88,722.20","89,118.75","89,215.80","89,383.35","8,304","74,22,39,299.85","5,480"
"MRF","EQ","17-Feb-2023","89,215.80","89,120.00","89,668.00","88,550.00","88,717.10","88,739.70","89,076.80","4,351","38,75,73,169.80","2,946"
"MRF","EQ","20-Feb-2023","88,739.70","89,000.00","90,000.00","88,717.10","89,400.00","89,181.10","89,451.63","5,810","51,97,13,989.15","4,084"
"MRF","EQ","21-Feb-2023","89,181.10","89,648.00","90,445.00","89,121.25","89,969.95","89,957.20","89,815.49","6,804","61,11,04,609.55","4,260"
"MRF","EQ","22-Feb-2023","89,957.20","89,958.00","90,000.00","87,500.00","87,696.35","87,658.30","88,420.25","10,970","96,99,70,176.65","6,485"
"MRF","EQ","23-Feb-2023","87,658.30","87,999.00","88,249.00","86,001.00","86,731.00","86,730.85","86,874.38","10,316","89,61,96,076.60","6,424"
"MRF","EQ","24-Feb-2023","86,730.85","87,350.00","87,462.00","86,650.00","86,665.00","86,800.70","86,962.89","4,732","41,15,08,373.90","3,298"
"MRF","EQ","27-Feb-2023","86,800.70","86,786.00","86,786.00","84,802.05","84,900.00","85,143.10","85,494.49","7,189","61,46,19,909.75","4,603"
"MRF","EQ","28-Feb-2023","85,143.10","85,565.00","85,898.20","84,640.00","85,000.00","85,256.60","85,251.90","9,473","80,75,91,232.25","5,872"
"MRF","EQ","01-Mar-2023","85,256.60","85,654.25","86,444.95","84,827.50","86,000.00","86,068.60","85,642.34","6,829","58,48,51,511.20","4,488"
"MRF","EQ","02-Mar-2023","86,068.60","86,480.00","87,150.00","86,000.00","86,500.00","86,802.70","86,686.63","4,710","40,82,94,024.95","3,097"
"MRF","EQ","03-Mar-2023","86,802.70","87,001.00","87,399.40","86,200.90","86,272.00","86,363.15","86,827.57","5,234","45,44,55,515.20","3,735"
"MRF","EQ","06-Mar-2023","86,363.15","86,400.00","87,250.00","86,400.00","86,650.00","86,715.35","86,814.10","4,610","40,02,13,010.95","3,270"
"MRF","EQ","08-Mar-2023","86,715.35","86,557.00","87,199.00","86,471.15","86,897.90","86,752.80","86,765.05","4,988","43,27,84,092.35","2,962"
"MRF","EQ","09-Mar-2023","86,752.80","86,800.00","87,169.05","85,360.00","85,460.00","85,596.90","86,000.94","6,402","55,05,77,998.70","4,143"
"MRF","EQ","10-Mar-2023","85,596.90","85,499.90","85,549.95","84,351.00","85,340.00","85,111.20","84,882.93","4,951","42,02,55,368.90","3,368"
"MRF","EQ","13-Mar-2023","85,111.20","85,330.00","85,591.55","82,812.45","83,200.00","83,076.30","83,856.10","7,256","60,84,59,878.35","4,587"
"MRF","EQ","14-Mar-2023","83,076.30","83,389.95","83,661.90","82,280.40","82,490.20","82,492.30","82,835.55","6,817","56,46,89,932.85","4,366"
"MRF","EQ","15-Mar-2023","82,492.30","83,192.00","83,199.00","81,974.35","82,099.00","82,107.10","82,632.05","4,360","36,02,75,717.10","3,104"
"MRF","EQ","16-Mar-2023","82,107.10","82,101.00","83,501.00","81,380.05","83,165.05","83,140.70","82,598.05","7,114","58,76,02,553.00","4,539"
"MRF","EQ","17-Mar-2023","83,140.70","83,556.00","83,556.00","82,050.00","82,722.95","82,901.80","82,869.24","10,903","90,35,23,367.00","5,555"
"MRF","EQ","20-Mar-2023","82,901.80","83,556.00","83,688.95","82,235.35","83,600.00","83,559.95","82,963.75","5,263","43,66,38,221.90","3,631"
"MRF","EQ","21-Mar-2023","83,559.95","83,600.00","85,710.00","83,232.20","83,887.50","83,746.00","84,133.73","6,860","57,71,57,405.65","4,116"
"MRF","EQ","22-Mar-2023","83,746.00","83,900.00","84,500.00","83,675.05","84,448.85","84,399.85","84,174.94","2,961","24,92,41,988.15","2,133"
"MRF","EQ","23-Mar-2023","84,399.85","84,349.00","84,778.75","84,000.00","84,050.00","84,164.65","84,278.58","2,966","24,99,70,257.35","1,984"
"MRF","EQ","24-Mar-2023","84,164.65","84,448.95","84,778.95","83,700.00","83,700.00","83,878.50","84,205.60","3,982","33,53,06,717.05","2,642"
"MRF","EQ","27-Mar-2023","83,878.50","83,878.00","84,549.90","83,416.95","83,899.95","83,709.75","84,078.59","3,643","30,62,98,306.05","2,318"
"MRF","EQ","28-Mar-2023","83,709.75","83,899.00","84,253.90","82,223.55","82,300.00","82,365.35","82,848.88","4,242","35,14,44,928.90","2,958"
"MRF","EQ","29-Mar-2023","82,365.35","81,900.00","82,701.50","81,786.50","82,050.00","82,012.00","82,105.84","5,133","42,14,49,289.50","3,178"
"MRF","EQ","31-Mar-2023","82,012.00","82,422.00","84,444.00","82,088.25","84,050.00","84,047.20","83,543.46","5,856","48,92,30,497.65","3,686"
"MRF","EQ","03-Apr-2023","84,047.20","84,047.20","84,550.00","83,752.00","84,400.00","84,400.85","84,158.18","2,396","20,16,42,993.20","1,645"
"MRF","EQ","05-Apr-2023","84,400.85","84,284.20","84,746.50","83,830.00","83,966.85","83,949.90","84,049.33","2,944","24,74,41,224.15","2,054"
"MRF","EQ","06-Apr-2023","83,949.90","84,000.00","84,500.00","83,325.75","83,700.00","84,005.55","83,992.29","3,733","31,35,43,231.40","2,490"
"MRF","EQ","10-Apr-2023","84,005.55","83,750.00","84,780.00","83,750.00","84,537.25","84,398.45","84,338.48","3,582","30,21,00,433.55","2,123"
"MRF","EQ","11-Apr-2023","84,398.45","84,601.05","85,298.30","84,294.30","84,535.15","84,617.00","84,787.68","3,034","25,72,45,827.60","2,144"
"MRF","EQ","12-Apr-2023","84,617.00","84,800.90","85,794.20","84,750.00","85,301.00","85,456.25","85,378.50","4,928","42,07,45,239.45","2,699"
"MRF","EQ","13-Apr-2023","85,456.25","85,699.00","85,700.05","85,407.35","85,594.10","85,516.95","85,550.42","2,496","21,35,33,843.95","1,950"
"MRF","EQ","17-Apr-2023","85,516.95","85,499.00","85,700.00","85,001.00","85,487.45","85,376.35","85,348.73","2,573","21,96,02,290.25","1,811"
"MRF","EQ","18-Apr-2023","85,376.35","85,500.00","87,495.00","85,487.45","86,333.05","86,821.35","86,817.03","6,492","56,36,16,161.90","4,578"
"MRF","EQ","19-Apr-2023","86,821.35","87,000.00","87,343.70","85,697.00","85,876.50","85,837.25","86,174.39","2,897","24,96,47,205.45","2,107"
"MRF","EQ","20-Apr-2023","85,837.25","86,279.00","86,869.20","86,012.15","86,290.05","86,502.65","86,454.70","2,998","25,91,91,205.05","1,922"
"MRF","EQ","21-Apr-2023","86,502.65","86,300.00","86,950.00","86,090.15","86,541.90","86,517.40","86,586.98","3,418","29,59,54,292.50","2,392"
"MRF","EQ","24-Apr-2023","86,517.40","86,945.00","87,200.00","86,300.00","86,900.00","86,896.15","86,870.15","3,160","27,45,09,662.40","1,920"
"MRF","EQ","25-Apr-2023","86,896.15","87,100.00","87,399.95","86,086.00","86,450.00","86,561.45","86,585.43","3,991","34,55,62,458.15","2,415"
"MRF","EQ","26-Apr-2023","86,561.45","86,550.00","87,332.90","86,400.00","87,173.95","87,231.20","87,014.17","4,413","38,39,93,524.15","2,509"
"MRF","EQ","27-Apr-2023","87,231.20","87,497.00","87,600.00","86,810.00","87,469.95","87,455.90","87,170.22","3,368","29,35,89,288.40","2,131"
"MRF","EQ","28-Apr-2023","87,455.90","87,437.35","89,300.00","87,376.00","88,890.60","89,006.80","88,544.89","7,620","67,47,12,087.35","4,214"
"MRF","EQ","02-May-2023","89,006.80","89,007.00","89,498.90","88,002.05","88,686.50","88,596.90","88,696.60","5,222","46,31,73,667.10","3,412"
"MRF","EQ","03-May-2023","88,596.90","88,787.95","94,390.00","88,318.85","93,600.00","93,559.80","92,241.25","47,192","4,35,30,49,032.35","25,433"
"MRF","EQ","04-May-2023","93,559.80","94,000.00","95,760.00","93,026.25","94,875.00","95,110.80","94,882.14","28,698","2,72,29,27,564.55","16,485"
"MRF","EQ","05-May-2023","95,110.80","95,110.80","98,974.65","94,500.00","98,380.00","98,614.05","97,777.63","44,972","4,39,72,55,535.60","23,952"
"MRF","EQ","08-May-2023","98,614.05","98,620.00","99,933.50","97,398.25","97,750.00","97,730.65","98,414.57","26,682","2,62,58,97,536.60","13,887"
"MRF","EQ","09-May-2023","97,730.65","98,149.50","99,200.00","97,201.35","97,432.55","97,499.75","97,927.46","13,521","1,32,40,77,181.80","8,278"
"MRF","EQ","10-May-2023","97,499.75","98,200.00","98,200.00","96,575.05","97,330.90","97,229.35","97,058.49","9,964","96,70,90,838.15","5,571"
"MRF","EQ","11-May-2023","97,229.35","97,700.00","98,240.00","97,200.00","97,330.30","97,361.00","97,492.01","9,435","91,98,37,073.30","6,125"
"MRF","EQ","12-May-2023","97,361.00","97,760.00","97,800.00","96,600.05","96,700.00","96,689.15","97,169.79","6,319","61,40,15,923.10","4,036"
"MRF","EQ","15-May-2023","96,689.15","96,705.00","97,656.35","95,150.00","96,789.95","96,900.90","96,549.67","9,670","93,36,35,328.00","6,354"
"MRF","EQ","16-May-2023","96,900.90","96,800.00","97,600.00","96,400.00","96,420.00","96,551.85","96,979.07","9,357","90,74,33,193.75","5,794"
"MRF","EQ","17-May-2023","96,551.85","96,536.00","97,900.00","96,299.80","97,710.00","97,655.10","97,320.66","9,469","92,15,29,373.25","6,249"
"MRF","EQ","18-May-2023","97,655.10","97,872.25","98,400.00","96,800.10","97,142.00","97,060.70","97,436.74","8,164","79,54,73,562.50","5,246"
"MRF","EQ","19-May-2023","97,060.70","97,258.05","97,280.95","95,700.00","95,953.00","96,236.65","96,389.93","10,866","1,04,73,72,946.45","5,675"
"MRF","EQ","22-May-2023","96,236.65","96,356.65","96,553.40","95,674.25","95,674.25","95,911.45","96,060.92","7,085","68,05,91,594.30","3,630"
"MRF","EQ","23-May-2023","95,911.45","96,066.00","96,453.80","95,225.30","95,524.50","95,487.65","95,945.46","9,019","86,53,32,113.10","4,564"
"MRF","EQ","24-May-2023","95,487.65","95,550.00","97,458.40","95,338.55","95,563.25","95,640.30","96,347.46","13,583","1,30,86,87,519.55","7,711"
"MRF","EQ","25-May-2023","95,640.30","95,680.00","97,052.50","95,570.40","96,600.00","96,727.35","96,322.18","8,319","80,13,04,238.30","4,689"
"MRF","EQ","26-May-2023","96,727.35","96,735.00","98,171.00","96,601.15","97,600.00","97,881.80","97,573.89","6,694","65,31,59,609.00","4,396"
"MRF","EQ","29-May-2023","97,881.80","98,050.00","98,440.90","97,475.00","97,800.00","97,782.20","97,793.35","4,096","40,05,61,558.20","2,498"
"MRF","EQ","30-May-2023","97,782.20","97,782.20","97,935.00","96,900.00","96,970.00","97,096.40","97,393.13","4,289","41,77,19,138.60","2,700"
"MRF","EQ","31-May-2023","97,096.40","96,906.40","98,650.75","96,650.10","97,137.35","97,211.70","97,441.27","13,323","1,29,82,10,040.70","6,826"
"MRF","EQ","01-Jun-2023","97,211.70","97,100.00","97,988.95","97,099.00","97,600.00","97,567.30","97,609.56","3,795","37,04,28,295.90","2,734"
"MRF","EQ","02-Jun-2023","97,567.30","97,567.30","98,100.00","96,067.55","96,304.95","96,368.50","96,834.38","7,514","72,76,13,547.25","5,382"
"MRF","EQ","05-Jun-2023","96,368.50","96,880.00","97,187.95","96,502.15","96,850.00","96,797.45","96,816.76","3,003","29,07,40,727.65","2,177"
"MRF","EQ","06-Jun-2023","96,797.45","96,888.00","97,249.50","96,227.65","96,700.00","96,636.25","96,593.54","4,249","41,04,25,941.10","2,821"
"MRF","EQ","07-Jun-2023","96,636.25","97,000.00","99,230.50","96,775.15","97,550.00","97,553.10","98,006.46","10,781","1,05,66,07,645.90","6,669"
"MRF","EQ","08-Jun-2023","97,553.10","97,610.00","98,599.00","96,900.00","97,150.00","97,077.35","97,757.91","9,411","91,99,99,734.25","6,245"
"MRF","EQ","09-Jun-2023","97,077.35","97,264.00","98,597.90","97,150.00","98,262.05","98,390.95","98,036.58","8,604","84,35,06,717.10","5,740"
"MRF","EQ","12-Jun-2023","98,390.95","98,335.10","99,400.00","98,152.75","98,802.10","98,968.55","98,760.61","7,627","75,32,47,176.30","5,125"
"MRF","EQ","13-Jun-2023","98,968.55","99,150.20","1,00,439.95","99,150.20","99,900.00","99,992.85","99,882.58","16,655","1,66,35,44,302.55","10,092"
"MRF","EQ","14-Jun-2023","99,992.85","99,993.00","1,00,400.00","99,400.00","99,800.00","1,00,114.15","99,990.37","9,786","97,85,05,714.95","5,405"
"MRF","EQ","15-Jun-2023","1,00,114.15","1,00,099.00","1,00,849.60","99,711.00","1,00,075.00","1,00,081.00","1,00,184.29","8,297","83,12,29,080.40","5,166"
"MRF","EQ","16-Jun-2023","1,00,081.00","1,00,083.00","1,00,694.95","99,549.50","99,780.00","99,892.50","1,00,128.75","9,713","97,25,50,525.25","4,821"
"MRF","EQ","19-Jun-2023","99,892.50","1,00,000.00","1,00,651.00","99,557.05","1,00,030.65","99,758.20","1,00,019.14","4,964","49,64,94,986.95","3,072"
"MRF","EQ","20-Jun-2023","99,758.20","1,00,200.00","1,00,200.00","98,280.10","99,472.85","99,348.20","99,223.08","8,914","88,44,74,566.75","5,593"
"MRF","EQ","21-Jun-2023","99,348.20","99,648.00","1,00,950.00","99,484.35","1,00,450.00","1,00,422.20","1,00,321.16","10,714","1,07,48,40,877.70","6,368"
"MRF","EQ","22-Jun-2023","1,00,422.20","1,00,400.00","1,00,900.00","99,500.00","99,840.00","99,868.45","1,00,148.45","5,564","55,72,25,970.15","3,688"
"MRF","EQ","23-Jun-2023","99,868.45","99,977.00","99,977.00","98,880.05","99,301.00","99,492.05","99,461.15","4,670","46,44,83,571.20","3,398"
"MRF","EQ","26-Jun-2023","99,492.05","99,799.95","1,00,079.90","99,071.80","99,758.50","99,954.65","99,761.24","3,699","36,90,16,815.55","2,625"
"MRF","EQ","27-Jun-2023","99,954.65","99,900.00","1,00,500.95","99,300.00","99,500.00","99,591.25","99,859.56","7,862","78,50,95,843.65","4,376"
"MRF","EQ","28-Jun-2023","99,591.25","99,891.25","1,00,699.85","99,600.00","1,00,601.00","1,00,387.20","1,00,095.71","4,178","41,81,99,877.75","2,622"
"MRF","EQ","30-Jun-2023","1,00,387.20","1,00,598.00","1,01,648.30","1,00,020.25","1,01,002.05","1,01,260.50","1,00,932.28","9,620","97,09,68,510.70","6,007"
"MRF","EQ","03-Jul-2023","1,01,260.50","1,01,073.00","1,01,888.00","99,600.00","1,00,100.00","99,899.45","1,00,436.99","9,229","92,69,33,006.25","4,719"
"MRF","EQ","04-Jul-2023","99,899.45","1,00,480.00","1,00,480.00","99,000.00","99,230.00","99,148.90","99,420.79","5,734","57,00,78,794.55","3,364"
"MRF","EQ","05-Jul-2023","99,148.90","99,600.00","1,00,300.00","99,099.00","1,00,000.00","1,00,191.20","99,860.75","5,430","54,22,43,896.75","3,921"
"MRF","EQ","06-Jul-2023","1,00,191.20","1,00,215.00","1,01,888.00","1,00,043.50","1,01,074.00","1,01,306.50","1,01,124.70","8,593","86,89,64,528.85","5,609"
"MRF","EQ","07-Jul-2023","1,01,306.50","1,01,180.00","1,01,974.95","1,00,680.00","1,00,920.05","1,01,227.65","1,01,242.09","6,354","64,32,92,249.55","3,945"
"MRF","EQ","10-Jul-2023","1,01,227.65","1,01,177.00","1,01,842.30","1,00,400.25","1,00,775.00","1,00,602.85","1,01,019.05","5,534","55,90,39,420.30","3,438"
"MRF","EQ","11-Jul-2023","1,00,602.85","1,00,949.90","1,02,214.90","1,00,811.05","1,01,572.25","1,01,930.20","1,01,675.51","7,421","75,45,33,951.70","4,463"
"MRF","EQ","12-Jul-2023","1,01,930.20","1,01,899.00","1,02,494.95","1,01,652.70","1,01,950.00","1,02,231.40","1,02,056.53","6,691","68,28,60,259.65","3,657"
"MRF","EQ","13-Jul-2023","1,02,231.40","1,02,102.00","1,02,300.00","1,01,003.30","1,01,309.30","1,01,263.95","1,01,674.08","3,256","33,10,50,808.25","2,180"
"MRF","EQ","14-Jul-2023","1,01,263.95","1,01,450.00","1,02,400.00","1,01,264.25","1,02,300.00","1,02,141.20","1,01,904.81","5,109","52,06,31,682.60","3,053"
"MRF","EQ","17-Jul-2023","1,02,141.20","1,02,141.20","1,02,341.20","1,01,820.50","1,02,330.00","1,01,988.15","1,02,031.84","2,065","21,06,95,753.45","1,560"
"MRF","EQ","18-Jul-2023","1,01,988.15","1,02,000.00","1,02,499.95","1,01,611.05","1,02,265.05","1,02,245.45","1,02,096.80","3,212","32,79,34,922.60","2,052"
"MRF","EQ","19-Jul-2023","1,02,245.45","1,02,256.00","1,02,990.00","1,02,065.30","1,02,500.05","1,02,718.15","1,02,553.12","4,956","50,82,53,260.55","3,294"
"MRF","EQ","20-Jul-2023","1,02,718.15","1,02,500.00","1,02,733.95","1,01,600.00","1,01,980.00","1,01,896.20","1,01,994.16","3,770","38,45,17,997.75","2,217"
"MRF","EQ","21-Jul-2023","1,01,896.20","1,01,999.30","1,02,300.30","1,01,550.00","1,01,851.00","1,02,089.25","1,01,898.97","2,112","21,52,10,619.80","1,535"
"MRF","EQ","24-Jul-2023","1,02,089.25","1,02,100.00","1,03,186.70","1,01,750.00","1,02,400.05","1,02,723.50","1,02,538.73","4,020","41,22,05,682.00","2,492"
"MRF","EQ","25-Jul-2023","1,02,723.50","1,02,202.10","1,02,699.00","1,02,000.00","1,02,508.15","1,02,525.80","1,02,367.91","2,053","21,01,61,309.60","1,367"
"MRF","EQ","26-Jul-2023","1,02,525.80","1,03,000.00","1,03,263.50","1,02,000.00","1,02,000.00","1,02,205.15","1,02,592.47","4,152","42,59,63,950.10","2,572"
"MRF","EQ","27-Jul-2023","1,02,205.15","1,02,625.00","1,02,899.00","1,01,870.35","1,02,250.25","1,02,403.15","1,02,273.44","2,542","25,99,79,080.95","1,658"
"MRF","EQ","28-Jul-2023","1,02,403.15","1,02,050.20","1,02,792.15","1,01,880.70","1,02,500.00","1,02,534.15","1,02,284.76","2,608","26,67,58,663.35","1,845"
"MRF","EQ","31-Jul-2023","1,02,534.15","1,02,270.00","1,03,298.85","1,02,100.00","1,02,600.00","1,02,956.25","1,02,688.77","3,198","32,83,98,701.05","1,959"
"MRF","EQ","01-Aug-2023","1,02,956.25","1,02,507.15","1,03,570.95","1,02,507.15","1,03,300.00","1,03,285.75","1,03,150.21","3,426","35,33,92,627.30","2,231"
"MRF","EQ","02-Aug-2023","1,03,285.75","1,02,998.00","1,03,199.95","1,02,000.00","1,02,575.00","1,02,589.20","1,02,611.48","3,702","37,98,67,712.15","2,371"
"MRF","EQ","03-Aug-2023","1,02,589.20","1,02,603.00","1,07,600.00","1,01,400.05","1,07,600.00","1,06,973.35","1,05,047.41","23,043","2,42,06,07,459.80","14,174"
"MRF","EQ","04-Aug-2023","1,06,973.35","1,08,469.00","1,11,997.00","1,06,775.35","1,10,804.05","1,11,296.50","1,09,978.42","26,665","2,93,25,74,681.80","15,620"
"MRF","EQ","07-Aug-2023","1,11,296.50","1,11,472.00","1,11,500.00","1,07,912.35","1,08,000.00","1,08,216.25","1,09,364.67","11,175","1,22,21,50,187.40","7,423"
"MRF","EQ","08-Aug-2023","1,08,216.25","1,08,216.25","1,08,830.55","1,05,864.15","1,07,500.00","1,07,634.85","1,07,120.83","11,305","1,21,10,01,017.25","7,561"
"MRF","EQ","09-Aug-2023","1,07,634.85","1,07,634.85","1,07,999.00","1,06,000.00","1,06,500.00","1,06,416.90","1,06,516.17","8,607","91,67,84,688.50","5,811"
"MRF","EQ","10-Aug-2023","1,06,416.90","1,06,400.25","1,06,753.30","1,05,600.05","1,06,753.30","1,06,355.60","1,06,120.72","6,482","68,78,74,500.70","4,550"
"MRF","EQ","11-Aug-2023","1,06,355.60","1,06,750.00","1,06,750.00","1,05,615.60","1,05,822.75","1,05,989.25","1,06,034.11","4,759","50,46,16,309.10","3,521"
"MRF","EQ","14-Aug-2023","1,05,989.25","1,05,711.05","1,06,650.00","1,04,807.00","1,06,253.90","1,06,266.35","1,05,725.14","4,265","45,09,17,733.15","3,016"
"MRF","EQ","16-Aug-2023","1,06,266.35","1,05,500.00","1,06,650.00","1,04,834.35","1,06,498.30","1,06,463.70","1,06,062.04","4,641","49,22,33,928.70","3,603"
"MRF","EQ","17-Aug-2023","1,06,463.70","1,05,905.80","1,06,979.25","1,05,905.80","1,06,830.00","1,06,472.90","1,06,498.51","4,952","52,73,80,620.45","3,666"
"MRF","EQ","18-Aug-2023","1,06,472.90","1,06,500.00","1,08,000.00","1,06,430.05","1,07,776.50","1,07,760.35","1,07,329.61","7,089","76,08,59,607.00","3,700"
"MRF","EQ","21-Aug-2023","1,07,760.35","1,08,500.00","1,08,599.95","1,07,568.10","1,07,760.00","1,07,798.45","1,08,029.19","6,810","73,56,78,789.30","4,230"
"MRF","EQ","22-Aug-2023","1,07,798.45","1,08,300.00","1,08,549.95","1,07,758.00","1,08,226.00","1,08,411.80","1,08,195.50","3,566","38,58,25,168.95","2,483"
"MRF","EQ","23-Aug-2023","1,08,411.80","1,08,410.00","1,09,200.00","1,08,051.15","1,08,399.95","1,08,675.55","1,08,742.24","4,181","45,46,51,287.10","2,625"
"MRF","EQ","24-Aug-2023","1,08,675.55","1,09,399.00","1,09,399.00","1,08,106.00","1,08,500.00","1,08,595.15","1,08,546.65","4,788","51,97,21,343.35","2,569"
"MRF","EQ","25-Aug-2023","1,08,595.15","1,08,127.65","1,08,895.70","1,08,000.55","1,08,491.00","1,08,542.00","1,08,603.44","3,562","38,68,45,449.50","2,146"
"MRF","EQ","28-Aug-2023","1,08,542.00","1,08,523.70","1,08,900.55","1,07,921.55","1,08,300.00","1,08,288.00","1,08,492.80","3,583","38,87,29,711.35","2,424"
"MRF","EQ","29-Aug-2023","1,08,288.00","1,08,353.70","1,09,000.00","1,08,250.85","1,08,810.00","1,08,812.50","1,08,719.30","2,244","24,39,66,120.15","1,520"
"MRF","EQ","30-Aug-2023","1,08,812.50","1,08,999.00","1,09,778.65","1,08,812.50","1,09,749.90","1,09,593.95","1,09,419.78","2,943","32,20,22,398.00","1,946"
"MRF","EQ","31-Aug-2023","1,09,593.95","1,09,677.00","1,09,677.00","1,08,266.35","1,08,623.00","1,08,686.25","1,08,896.73","5,954","64,83,71,122.50","3,867"
"MRF","EQ","01-Sep-2023","1,08,686.25","1,09,500.00","1,09,500.00","1,07,559.05","1,08,041.85","1,07,984.15","1,07,990.51","6,574","70,99,29,596.35","3,624"
"MRF","EQ","04-Sep-2023","1,07,984.15","1,08,499.00","1,08,980.00","1,07,347.55","1,08,400.00","1,08,195.40","1,08,150.62","4,965","53,69,67,830.75","3,329"
"MRF","EQ","05-Sep-2023","1,08,195.40","1,08,453.70","1,08,800.00","1,07,888.15","1,08,800.00","1,08,520.00","1,08,330.28","3,494","37,85,06,005.05","2,090"
"MRF","EQ","06-Sep-2023","1,08,520.00","1,08,250.50","1,09,537.95","1,07,500.00","1,09,424.80","1,09,395.75","1,08,312.91","8,365","90,60,37,523.00","4,038"
"MRF","EQ","07-Sep-2023","1,09,395.75","1,08,831.00","1,09,885.60","1,08,798.80","1,08,801.10","1,09,205.15","1,09,290.66","2,632","28,76,53,028.25","1,743"
"MRF","EQ","08-Sep-2023","1,09,205.15","1,09,300.00","1,09,420.75","1,08,600.20","1,08,800.00","1,08,858.40","1,09,021.95","2,652","28,91,26,199.40","1,726"
"MRF","EQ","11-Sep-2023","1,08,858.40","1,09,450.00","1,09,850.00","1,08,905.00","1,09,800.00","1,09,440.45","1,09,374.78","3,871","42,33,89,760.05","2,504"
"MRF","EQ","12-Sep-2023","1,09,440.45","1,09,800.00","1,09,800.00","1,07,555.05","1,07,858.55","1,07,916.20","1,08,208.36","8,831","95,55,88,044.55","5,736"
"MRF","EQ","13-Sep-2023","1,07,916.20","1,08,108.00","1,09,191.65","1,07,476.80","1,08,800.00","1,09,058.65","1,08,498.91","7,363","79,88,77,452.55","5,185"
"MRF","EQ","14-Sep-2023","1,09,058.65","1,09,000.00","1,11,200.00","1,09,000.00","1,10,801.65","1,11,001.25","1,10,322.29","6,353","70,08,77,487.90","3,797"
"MRF","EQ","15-Sep-2023","1,11,001.25","1,11,000.00","1,12,727.95","1,08,539.70","1,09,151.00","1,09,233.85","1,10,457.65","14,149","1,56,28,65,237.80","8,735"
"MRF","EQ","18-Sep-2023","1,09,233.85","1,09,666.00","1,09,798.75","1,08,060.00","1,08,800.00","1,09,003.95","1,08,823.62","7,075","76,99,27,142.30","5,016"
"MRF","EQ","20-Sep-2023","1,09,003.95","1,09,000.00","1,09,764.65","1,08,100.00","1,09,700.10","1,09,603.90","1,09,196.72","4,471","48,82,18,513.70","3,079"
"MRF","EQ","21-Sep-2023","1,09,603.90","1,09,017.60","1,09,775.00","1,08,500.00","1,08,500.00","1,08,841.65","1,09,111.38","3,636","39,67,28,983.45","2,338"
"MRF","EQ","22-Sep-2023","1,08,841.65","1,08,500.00","1,09,350.00","1,08,477.05","1,08,520.00","1,08,655.05","1,08,833.90","3,372","36,69,87,902.20","2,224"
"MRF","EQ","25-Sep-2023","1,08,655.05","1,08,999.95","1,09,489.90","1,07,651.00","1,09,044.25","1,09,360.20","1,08,673.21","6,572","71,42,00,332.20","4,125"
"MRF","EQ","26-Sep-2023","1,09,360.20","1,09,300.00","1,09,979.95","1,08,981.45","1,09,920.00","1,09,719.60","1,09,535.42","3,557","38,96,17,474.90","2,451"
"MRF","EQ","27-Sep-2023","1,09,719.60","1,09,719.60","1,10,500.00","1,09,251.90","1,10,009.65","1,10,285.40","1,09,902.04","2,909","31,97,05,025.05","2,026"
"MRF","EQ","28-Sep-2023","1,10,285.40","1,10,112.00","1,10,277.50","1,08,306.10","1,09,000.00","1,08,726.40","1,09,022.03","7,911","86,24,73,246.35","5,317"
"MRF","EQ","29-Sep-2023","1,08,726.40","1,08,725.85","1,09,362.35","1,06,800.00","1,07,384.45","1,07,295.60","1,07,838.94","9,966","1,07,47,22,922.55","6,979"
"MRF","EQ","03-Oct-2023","1,07,295.60","1,08,149.75","1,08,600.60","1,06,551.05","1,08,389.00","1,08,294.45","1,07,589.16","5,523","59,42,14,958.20","3,561"
"MRF","EQ","04-Oct-2023","1,08,294.45","1,08,249.80","1,08,249.80","1,06,441.10","1,06,910.45","1,06,901.40","1,07,290.03","3,710","39,80,46,008.80","2,403"
"MRF","EQ","05-Oct-2023","1,06,901.40","1,07,300.00","1,07,820.00","1,06,583.05","1,06,850.50","1,06,770.50","1,07,001.88","3,120","33,38,45,866.70","2,253"
"MRF","EQ","06-Oct-2023","1,06,770.50","1,07,000.00","1,08,000.00","1,07,000.00","1,07,600.00","1,07,550.25","1,07,565.50","3,580","38,50,84,490.45","2,416"
"MRF","EQ","09-Oct-2023","1,07,550.25","1,07,350.00","1,07,684.55","1,06,405.00","1,07,200.00","1,07,266.95","1,07,154.54","4,229","45,31,56,552.85","2,860"
"MRF","EQ","10-Oct-2023","1,07,266.95","1,07,699.00","1,08,010.55","1,07,001.00","1,07,298.90","1,07,204.10","1,07,526.21","4,103","44,11,80,052.80","2,754"
"MRF","EQ","11-Oct-2023","1,07,204.10","1,07,320.00","1,08,162.70","1,07,298.90","1,07,699.00","1,07,738.15","1,07,823.58","3,534","38,10,48,533.60","2,455"
"MRF","EQ","12-Oct-2023","1,07,738.15","1,08,100.00","1,08,850.00","1,07,910.15","1,08,540.15","1,08,685.25","1,08,465.81","3,311","35,91,30,313.05","2,355"
"MRF","EQ","13-Oct-2023","1,08,685.25","1,08,754.00","1,09,250.00","1,08,300.15","1,09,200.00","1,09,092.75","1,08,889.79","3,150","34,30,02,837.00","1,869"
"MRF","EQ","16-Oct-2023","1,09,092.75","1,08,990.10","1,09,850.00","1,08,320.95","1,09,600.00","1,09,548.45","1,09,308.09","4,661","50,94,84,999.05","3,371"
"MRF","EQ","17-Oct-2023","1,09,548.45","1,10,700.00","1,13,439.30","1,10,611.55","1,10,700.00","1,10,885.75","1,12,197.51","15,221","1,70,77,58,282.95","9,502"
"MRF","EQ","18-Oct-2023","1,10,885.75","1,11,000.00","1,11,099.95","1,09,401.05","1,09,401.05","1,09,672.80","1,10,118.07","5,862","64,55,12,105.70","3,565"
"MRF","EQ","19-Oct-2023","1,09,672.80","1,09,400.50","1,10,149.95","1,08,701.00","1,09,166.15","1,09,575.05","1,09,399.55","5,030","55,02,79,715.75","3,578"
"MRF","EQ","20-Oct-2023","1,09,575.05","1,09,170.10","1,10,046.40","1,08,900.05","1,09,300.00","1,09,504.60","1,09,532.68","3,657","40,05,60,996.85","2,629"
"MRF","EQ","23-Oct-2023","1,09,504.60","1,09,350.00","1,10,400.00","1,08,639.15","1,09,400.00","1,08,977.35","1,09,631.19","9,731","1,06,68,21,073.50","7,298"
"MRF","EQ","25-Oct-2023","1,08,977.35","1,09,299.95","1,09,948.85","1,08,150.00","1,08,889.00","1,08,632.45","1,08,987.96","4,580","49,91,64,857.55","3,312"
"MRF","EQ","26-Oct-2023","1,08,632.45","1,08,700.00","1,08,700.00","1,07,075.95","1,07,227.90","1,07,481.30","1,07,628.41","5,675","61,07,91,250.15","4,072"
"MRF","EQ","27-Oct-2023","1,07,481.30","1,08,279.00","1,08,876.00","1,07,629.35","1,08,000.00","1,08,190.80","1,08,276.50","3,807","41,22,08,641.70","2,523"
"MRF","EQ","30-Oct-2023","1,08,190.80","1,08,190.80","1,09,449.60","1,07,919.45","1,09,188.30","1,09,015.70","1,08,669.95","4,654","50,57,49,938.05","3,111"
"MRF","EQ","31-Oct-2023","1,09,015.70","1,09,499.95","1,09,499.95","1,07,907.10","1,08,500.00","1,08,297.80","1,08,325.30","8,331","90,24,58,108.55","5,262"
"MRF","EQ","01-Nov-2023","1,08,297.80","1,08,500.00","1,09,275.00","1,08,349.80","1,08,527.35","1,08,583.80","1,08,751.76","3,163","34,39,81,824.45","2,325"
"MRF","EQ","02-Nov-2023","1,08,583.80","1,09,500.20","1,10,800.00","1,08,925.00","1,10,356.10","1,10,500.05","1,10,072.05","5,623","61,89,35,116.95","3,742"
"MRF","EQ","03-Nov-2023","1,10,500.05","1,10,749.80","1,11,800.00","1,07,300.00","1,07,800.00","1,07,723.25","1,08,978.32","25,427","2,77,09,91,822.00","17,395"
"MRF","EQ","06-Nov-2023","1,07,723.25","1,08,895.00","1,08,895.00","1,07,103.20","1,07,398.00","1,07,391.85","1,07,787.88","7,716","83,16,91,306.15","5,516"
"MRF","EQ","07-Nov-2023","1,07,391.85","1,08,000.00","1,08,000.00","1,07,008.05","1,07,101.00","1,07,185.40","1,07,393.35","4,702","50,49,63,536.70","3,068"
"MRF","EQ","08-Nov-2023","1,07,185.40","1,07,830.00","1,08,700.00","1,07,330.10","1,08,451.00","1,08,348.10","1,08,269.37","5,787","62,65,54,817.55","3,743"
"MRF","EQ","09-Nov-2023","1,08,348.10","1,08,325.50","1,09,108.95","1,07,774.40","1,08,065.00","1,08,078.20","1,08,387.51","5,103","55,31,01,478.80","3,428"
"MRF","EQ","10-Nov-2023","1,08,078.20","1,08,299.00","1,08,479.90","1,07,338.10","1,08,400.00","1,08,295.70","1,07,918.07","3,311","35,73,16,744.70","2,375"
"MRF","EQ","12-Nov-2023","1,08,295.70","1,08,545.00","1,08,980.00","1,08,000.00","1,08,000.00","1,08,240.60","1,08,436.62","993","10,76,77,565.75","715"
"MRF","EQ","13-Nov-2023","1,08,240.60","1,08,500.00","1,08,500.00","1,07,033.05","1,07,601.00","1,07,637.60","1,07,617.39","6,671","71,79,15,612.75","4,669"
"MRF","EQ","15-Nov-2023","1,07,637.60","1,08,299.00","1,09,510.45","1,07,812.60","1,09,299.95","1,09,379.50","1,08,913.48","6,906","75,21,56,504.45","4,689"
"MRF","EQ","16-Nov-2023","1,09,379.50","1,09,020.00","1,10,500.00","1,09,000.00","1,10,003.50","1,10,298.85","1,10,059.58","5,724","62,99,81,040.40","3,863"
"MRF","EQ","17-Nov-2023","1,10,298.85","1,10,000.00","1,12,599.90","1,09,800.35","1,11,452.40","1,11,475.25","1,11,559.94","11,891","1,32,65,59,290.40","6,959"
"MRF","EQ","20-Nov-2023","1,11,475.25","1,11,339.00","1,11,600.00","1,10,649.95","1,11,269.15","1,11,390.95","1,11,140.18","4,443","49,37,95,840.25","3,227"
"MRF","EQ","21-Nov-2023","1,11,390.95","1,11,400.00","1,11,749.95","1,10,882.70","1,11,365.05","1,11,434.30","1,11,368.81","2,888","32,16,33,118.20","2,040"
"MRF","EQ","22-Nov-2023","1,11,434.30","1,11,002.10","1,11,785.95","1,10,617.55","1,11,010.80","1,11,197.75","1,11,139.05","3,222","35,80,90,029.25","2,492"
"MRF","EQ","23-Nov-2023","1,11,197.75","1,11,200.00","1,11,999.95","1,11,118.00","1,11,340.00","1,11,378.70","1,11,430.49","1,854","20,65,92,136.45","1,434"
"MRF","EQ","24-Nov-2023","1,11,378.70","1,11,000.00","1,11,550.00","1,10,768.15","1,11,315.25","1,11,448.20","1,11,226.87","2,854","31,74,41,492.15","2,003"
"MRF","EQ","28-Nov-2023","1,11,448.20","1,11,400.00","1,11,800.00","1,11,200.00","1,11,501.05","1,11,546.95","1,11,499.55","3,104","34,60,94,616.85","2,444"
"MRF","EQ","29-Nov-2023","1,11,546.95","1,11,600.05","1,12,496.25","1,11,600.05","1,12,199.00","1,12,266.55","1,12,279.75","5,354","60,11,45,759.50","3,868"
"MRF","EQ","30-Nov-2023","1,12,266.55","1,12,200.00","1,12,989.95","1,11,443.20","1,11,500.00","1,11,683.00","1,12,046.84","13,163","1,47,48,72,612.55","7,343"
"MRF","EQ","01-Dec-2023","1,11,683.00","1,11,651.00","1,12,100.00","1,11,110.50","1,11,425.00","1,11,409.30","1,11,476.81","3,677","40,99,00,240.05","2,646"
"MRF","EQ","04-Dec-2023","1,11,409.30","1,12,000.00","1,12,099.85","1,10,856.20","1,11,610.00","1,11,506.65","1,11,443.55","4,689","52,25,58,782.80","3,536"
"MRF","EQ","05-Dec-2023","1,11,506.65","1,11,690.00","1,14,459.00","1,10,985.05","1,13,700.00","1,13,729.85","1,12,673.30","7,340","82,70,22,000.90","5,478"
"MRF","EQ","06-Dec-2023","1,13,729.85","1,13,720.00","1,14,499.95","1,13,450.75","1,14,199.90","1,14,088.85","1,13,925.46","3,569","40,65,99,955.05","2,739"
"MRF","EQ","07-Dec-2023","1,14,088.85","1,14,090.00","1,19,000.00","1,13,844.10","1,17,203.65","1,17,408.55","1,16,952.31","11,242","1,31,47,77,903.65","8,021"
"MRF","EQ","08-Dec-2023","1,17,408.55","1,17,450.00","1,18,099.80","1,17,021.25","1,18,000.00","1,17,949.40","1,17,672.43","7,684","90,41,94,989.00","5,342"
"MRF","EQ","11-Dec-2023","1,17,949.40","1,17,950.00","1,19,600.00","1,17,616.10","1,18,975.00","1,19,050.45","1,18,881.45","9,161","1,08,90,72,939.60","5,984"
"MRF","EQ","12-Dec-2023","1,19,050.45","1,19,050.45","1,20,351.00","1,18,900.00","1,19,007.90","1,19,502.90","1,19,565.47","8,705","1,04,08,17,421.35","5,020"
"MRF","EQ","13-Dec-2023","1,19,502.90","1,19,500.00","1,20,067.95","1,19,146.00","1,19,950.25","1,19,785.25","1,19,628.42","3,862","46,20,04,948.70","2,956"
"MRF","EQ","14-Dec-2023","1,19,785.25","1,19,950.00","1,21,000.00","1,19,550.05","1,20,500.00","1,20,558.80","1,20,120.25","4,276","51,36,34,171.40","3,064"
"MRF","EQ","15-Dec-2023","1,20,558.80","1,20,559.80","1,21,193.35","1,19,851.40","1,20,051.15","1,20,084.05","1,20,305.85","4,857","58,43,25,526.10","3,666"
"MRF","EQ","18-Dec-2023","1,20,084.05","1,20,086.00","1,20,277.00","1,19,312.35","1,19,312.70","1,19,418.65","1,19,628.80","3,968","47,46,87,069.25","2,822"
"MRF","EQ","19-Dec-2023","1,19,418.65","1,19,312.75","1,20,000.00","1,18,567.45","1,18,850.80","1,18,784.60","1,19,160.62","4,139","49,32,05,799.15","3,008"
"MRF","EQ","20-Dec-2023","1,18,784.60","1,19,500.00","1,19,598.05","1,17,000.00","1,17,460.00","1,17,318.95","1,18,394.40","4,608","54,55,61,397.70","3,542"
"MRF","EQ","21-Dec-2023","1,17,318.95","1,17,000.95","1,17,727.95","1,15,500.05","1,17,700.00","1,17,575.20","1,16,792.87","4,166","48,65,59,087.10","3,326"
"MRF","EQ","22-Dec-2023","1,17,575.20","1,19,660.00","1,20,699.95","1,17,900.05","1,19,303.00","1,19,544.30","1,19,603.00","12,705","1,51,95,56,173.40","8,066"
"MRF","EQ","26-Dec-2023","1,19,544.30","1,20,280.00","1,20,499.00","1,19,701.00","1,20,100.05","1,20,269.35","1,20,145.19","2,962","35,58,70,066.60","2,163"
"MRF","EQ","27-Dec-2023","1,20,269.35","1,20,269.35","1,21,343.90","1,20,000.00","1,20,500.00","1,21,038.55","1,20,867.15","4,444","53,71,33,612.90","3,496"
"MRF","EQ","28-Dec-2023","1,21,038.55","1,21,233.00","1,26,630.60","1,21,000.00","1,26,630.60","1,25,861.35","1,24,091.23","13,240","1,64,29,67,899.40","8,470"
"MRF","EQ","29-Dec-2023","1,25,861.35","1,26,100.00","1,30,399.35","1,25,084.65","1,29,300.00","1,29,579.25","1,27,939.82","17,516","2,24,09,93,946.80","11,434"
"MRF","EQ","01-Jan-2024","1,29,579.25","1,29,570.00","1,30,734.35","1,29,000.00","1,29,265.00","1,29,423.55","1,29,770.63","9,043","1,17,35,15,839.90","6,235"
"MRF","EQ","02-Jan-2024","1,29,423.55","1,29,450.00","1,30,269.60","1,27,257.10","1,29,785.00","1,29,992.30","1,29,209.98","8,846","1,14,29,91,494.25","6,713"
"MRF","EQ","03-Jan-2024","1,29,992.30","1,29,740.00","1,30,955.00","1,29,000.00","1,30,451.00","1,30,595.85","1,30,328.31","7,203","93,87,54,789.45","5,060"
"MRF","EQ","04-Jan-2024","1,30,595.85","1,30,500.00","1,31,950.00","1,30,149.00","1,31,899.90","1,31,509.75","1,30,889.01","6,833","89,43,64,620.35","4,690"
"MRF","EQ","05-Jan-2024","1,31,509.75","1,31,600.00","1,33,500.05","1,31,600.00","1,32,401.10","1,32,701.25","1,32,616.10","8,182","1,08,50,64,951.85","5,846"
"MRF","EQ","08-Jan-2024","1,32,701.25","1,33,401.00","1,33,599.95","1,31,200.00","1,31,500.00","1,31,920.60","1,32,235.43","7,613","1,00,67,08,357.10","5,232"
"MRF","EQ","09-Jan-2024","1,31,920.60","1,32,000.00","1,33,100.00","1,31,202.20","1,31,778.40","1,31,692.45","1,32,271.26","5,777","76,41,31,045.40","3,819"
"MRF","EQ","10-Jan-2024","1,31,692.45","1,32,099.00","1,32,199.60","1,30,210.00","1,32,000.00","1,31,828.40","1,31,277.33","5,915","77,65,05,424.25","3,807"
"MRF","EQ","11-Jan-2024","1,31,828.40","1,32,459.00","1,33,625.00","1,32,002.70","1,33,211.90","1,33,368.00","1,33,116.99","4,736","63,04,42,083.75","3,701"
"MRF","EQ","12-Jan-2024","1,33,368.00","1,33,868.00","1,34,639.90","1,32,661.35","1,33,886.00","1,34,351.10","1,33,854.01","6,940","92,89,46,795.45","4,966"
"MRF","EQ","15-Jan-2024","1,34,351.10","1,34,699.00","1,36,799.95","1,33,650.05","1,36,000.00","1,35,951.15","1,35,256.48","8,379","1,13,33,14,037.60","6,243"
"MRF","EQ","16-Jan-2024","1,35,951.15","1,35,215.30","1,37,800.00","1,35,215.30","1,36,684.20","1,36,594.70","1,36,678.88","7,490","1,02,37,24,834.80","5,394"
"MRF","EQ","17-Jan-2024","1,36,594.70","1,36,229.00","1,50,254.15","1,34,000.05","1,34,600.05","1,34,878.30","1,39,664.71","37,455","5,23,11,41,562.05","19,327"
"MRF","EQ","18-Jan-2024","1,34,878.30","1,36,400.00","1,37,949.95","1,33,750.00","1,37,650.00","1,37,587.20","1,36,350.99","14,497","1,97,66,80,307.60","10,479"
"MRF","EQ","19-Jan-2024","1,37,587.20","1,38,995.30","1,39,995.95","1,38,033.35","1,39,344.30","1,39,431.95","1,39,277.68","10,260","1,42,89,89,022.95","7,366"
"MRF","EQ","20-Jan-2024","1,39,431.95","1,40,800.00","1,46,496.15","1,40,222.00","1,45,750.80","1,45,363.35","1,43,916.18","15,816","2,27,61,78,265.25","11,804"
"MRF","EQ","23-Jan-2024","1,45,363.35","1,45,786.00","1,47,849.80","1,39,821.25","1,41,251.00","1,40,997.25","1,43,619.52","22,069","3,16,95,39,170.95","16,933"
"MRF","EQ","24-Jan-2024","1,40,997.25","1,41,900.00","1,41,999.85","1,36,105.25","1,39,500.00","1,39,771.05","1,39,418.60","17,366","2,42,11,43,346.55","14,185"
"MRF","EQ","25-Jan-2024","1,39,771.05","1,40,457.00","1,40,599.95","1,36,133.05","1,36,800.10","1,36,857.95","1,37,323.66","13,504","1,85,44,18,742.75","10,628"
"MRF","EQ","29-Jan-2024","1,36,857.95","1,36,857.15","1,44,150.00","1,36,333.05","1,43,450.00","1,43,873.60","1,41,443.32","26,375","3,73,05,67,579.55","21,217"
"MRF","EQ","30-Jan-2024","1,43,873.60","1,44,650.00","1,44,750.00","1,40,004.00","1,41,076.80","1,40,619.85","1,41,523.92","13,414","1,89,84,01,837.30","11,022"
"MRF","EQ","31-Jan-2024","1,40,619.85","1,41,000.00","1,42,844.95","1,40,500.10","1,42,158.05","1,42,577.40","1,42,124.15","11,634","1,65,34,72,418.35","9,563"
"MRF","EQ","01-Feb-2024","1,42,577.40","1,43,500.00","1,44,350.00","1,41,701.00","1,42,450.00","1,42,477.80","1,43,133.48","12,544","1,79,54,66,430.55","9,979"
"MRF","EQ","02-Feb-2024","1,42,477.80","1,43,000.00","1,43,499.45","1,40,447.30","1,41,000.00","1,40,941.85","1,41,744.51","12,058","1,70,91,55,355.05","9,682"
"MRF","EQ","05-Feb-2024","1,40,941.85","1,42,885.00","1,43,974.35","1,40,411.30","1,41,753.45","1,41,645.75","1,42,049.80","19,822","2,81,57,11,077.05","16,208"
"MRF","EQ","06-Feb-2024","1,41,645.75","1,42,245.00","1,43,600.00","1,41,761.10","1,43,399.55","1,43,387.70","1,43,001.53","8,245","1,17,90,47,647.05","6,489"
"MRF","EQ","07-Feb-2024","1,43,387.70","1,44,385.00","1,44,827.55","1,42,532.00","1,43,181.35","1,42,996.80","1,43,719.97","7,534","1,08,27,86,272.90","5,856"
"MRF","EQ","08-Feb-2024","1,42,996.80","1,43,850.00","1,43,850.00","1,42,010.05","1,43,000.00","1,42,483.10","1,42,848.02","7,121","1,01,72,20,747.55","5,513"